
-- utilisateurs

INSERT INTO `utilisateurs` (`id_utilisateur`,`nom_utl`,`prenom_utl`,`email_utl`,`pass_utl`,`hash_utl`,`sexe_utl`,`date_naissance_utl`,`addresse_utl`,`ville_utl`,`cpostal_utl`,`pays_utl`,`tel_maison_utl`,`tel_portable_utl`,`alias_utl`,`utbm_utl`,`etudiant_utl`,`ancien_etudiant_utl`,`ae_utl`,`modere_utl`,`droit_image_utl`,`montant_compte`,`site_web`,`date_maj_utl`,`derniere_visite_utl`,`publique_utl`,`publique_mmtpapier_utl`,`tovalid_utl`,`id_ville`,`id_pays`,`tout_lu_avant_utl`,`signature_utl`) VALUES ('aeJs2NnoQNwdo','valid','1','1984-02-23','6 Bvd Anatole France','BELFORT','90000','FRANCE','+33102030405','+33612345678','','1','1','0','1','1','0','0','http://','2007-03-06 10:42:11','2007-05-14 13:54:13','1','1','none','34582','1','','');
INSERT INTO `utilisateurs` (`id_utilisateur`,`nom_utl`,`prenom_utl`,`email_utl`,`pass_utl`,`hash_utl`,`sexe_utl`,`date_naissance_utl`,`addresse_utl`,`ville_utl`,`cpostal_utl`,`pays_utl`,`tel_maison_utl`,`tel_portable_utl`,`alias_utl`,`utbm_utl`,`etudiant_utl`,`ancien_etudiant_utl`,`ae_utl`,`modere_utl`,`droit_image_utl`,`montant_compte`,`site_web`,`date_maj_utl`,`derniere_visite_utl`,`publique_utl`,`publique_mmtpapier_utl`,`tovalid_utl`,`id_ville`,`id_pays`,`tout_lu_avant_utl`,`signature_utl`) VALUES ('aeJs2NnoQNwdo','valid','1','1984-04-29','6 Bvd Anatole France','BELFORT','90000','France','+33102030405','+33612345678','Roro','1','1','0','0','1','0','250','http://','2007-04-01 17:34:32','2007-05-14 22:16:13','1','1','none','34582','1','','');
INSERT INTO `utilisateurs` (`id_utilisateur`,`nom_utl`,`prenom_utl`,`email_utl`,`pass_utl`,`hash_utl`,`sexe_utl`,`date_naissance_utl`,`addresse_utl`,`ville_utl`,`cpostal_utl`,`pays_utl`,`tel_maison_utl`,`tel_portable_utl`,`alias_utl`,`utbm_utl`,`etudiant_utl`,`ancien_etudiant_utl`,`ae_utl`,`modere_utl`,`droit_image_utl`,`montant_compte`,`site_web`,`date_maj_utl`,`derniere_visite_utl`,`publique_utl`,`publique_mmtpapier_utl`,`tovalid_utl`,`id_ville`,`id_pays`,`tout_lu_avant_utl`,`signature_utl`) VALUES ('aeJs2NnoQNwdo','valid','2','1983-02-24','6 Bvd Anatole France','BELFORT','90000','Slovaquie','+33102030405','+33612345678','Cin','1','1','0','0','1','1','140','http://','2007-04-27 22:37:18','2007-06-01 08:25:56','1','1','none','','179','','');
INSERT INTO `utilisateurs` (`id_utilisateur`,`nom_utl`,`prenom_utl`,`email_utl`,`pass_utl`,`hash_utl`,`sexe_utl`,`date_naissance_utl`,`addresse_utl`,`ville_utl`,`cpostal_utl`,`pays_utl`,`tel_maison_utl`,`tel_portable_utl`,`alias_utl`,`utbm_utl`,`etudiant_utl`,`ancien_etudiant_utl`,`ae_utl`,`modere_utl`,`droit_image_utl`,`montant_compte`,`site_web`,`date_maj_utl`,`derniere_visite_utl`,`publique_utl`,`publique_mmtpapier_utl`,`tovalid_utl`,`id_ville`,`id_pays`,`tout_lu_avant_utl`,`signature_utl`) VALUES ('aeJs2NnoQNwdo','valid','1','1988-10-09','6 Bvd Anatole France','BELFORT','90000','FRANCE','+33102030405','+33612345678','','1','1','0','1','1','1','50','','2006-10-07 11:34:03','2007-05-30 10:22:29','1','1','none','34582','1','','');
INSERT INTO `utilisateurs` (`id_utilisateur`,`nom_utl`,`prenom_utl`,`email_utl`,`pass_utl`,`hash_utl`,`sexe_utl`,`date_naissance_utl`,`addresse_utl`,`ville_utl`,`cpostal_utl`,`pays_utl`,`tel_maison_utl`,`tel_portable_utl`,`alias_utl`,`utbm_utl`,`etudiant_utl`,`ancien_etudiant_utl`,`ae_utl`,`modere_utl`,`droit_image_utl`,`montant_compte`,`site_web`,`date_maj_utl`,`derniere_visite_utl`,`publique_utl`,`publique_mmtpapier_utl`,`tovalid_utl`,`id_ville`,`id_pays`,`tout_lu_avant_utl`,`signature_utl`) VALUES ('aeJs2NnoQNwdo','valid','2','1985-02-10','6 Bvd Anatole France','BELFORT','90000','FRANCE','+33102030405','+33612345678','upla','1','1','0','1','1','1','150','http://','2007-03-05 12:53:15','2007-06-04 19:10:49','1','1','none','32584','1','','');
INSERT INTO `utilisateurs` (`id_utilisateur`,`nom_utl`,`prenom_utl`,`email_utl`,`pass_utl`,`hash_utl`,`sexe_utl`,`date_naissance_utl`,`addresse_utl`,`ville_utl`,`cpostal_utl`,`pays_utl`,`tel_maison_utl`,`tel_portable_utl`,`alias_utl`,`utbm_utl`,`etudiant_utl`,`ancien_etudiant_utl`,`ae_utl`,`modere_utl`,`droit_image_utl`,`montant_compte`,`site_web`,`date_maj_utl`,`derniere_visite_utl`,`publique_utl`,`publique_mmtpapier_utl`,`tovalid_utl`,`id_ville`,`id_pays`,`tout_lu_avant_utl`,`signature_utl`) VALUES ('aeJs2NnoQNwdo','valid','1','1985-04-08','6 Bvd Anatole France','BELFORT','90000','FRANCE','+33102030405','+33612345678','fépa','1','1','0','0','1','1','500','http://','2007-02-28 13:49:36','2007-06-03 23:12:09','1','1','none','34582','1','','');
INSERT INTO `utilisateurs` (`id_utilisateur`,`nom_utl`,`prenom_utl`,`email_utl`,`pass_utl`,`hash_utl`,`sexe_utl`,`date_naissance_utl`,`addresse_utl`,`ville_utl`,`cpostal_utl`,`pays_utl`,`tel_maison_utl`,`tel_portable_utl`,`alias_utl`,`utbm_utl`,`etudiant_utl`,`ancien_etudiant_utl`,`ae_utl`,`modere_utl`,`droit_image_utl`,`montant_compte`,`site_web`,`date_maj_utl`,`derniere_visite_utl`,`publique_utl`,`publique_mmtpapier_utl`,`tovalid_utl`,`id_ville`,`id_pays`,`tout_lu_avant_utl`,`signature_utl`) VALUES ('3130','LEVY','Pierre','pierre.levy@nonexistentdomain.fr','aefdcJYJqfJZg','23f8e605e9661c52bccd1873af56e40c','1','1986-11-22','6 Bvd Anatole France','BELFORT','90000','FRANCE','+33102030405','+33612345678','','1','1','0','1','1','1','0','','2006-09-07 12:51:44','','1','1','none','34582','1','','');
INSERT INTO `utilisateurs` (`id_utilisateur`,`nom_utl`,`prenom_utl`,`email_utl`,`pass_utl`,`hash_utl`,`sexe_utl`,`date_naissance_utl`,`addresse_utl`,`ville_utl`,`cpostal_utl`,`pays_utl`,`tel_maison_utl`,`tel_portable_utl`,`alias_utl`,`utbm_utl`,`etudiant_utl`,`ancien_etudiant_utl`,`ae_utl`,`modere_utl`,`droit_image_utl`,`montant_compte`,`site_web`,`date_maj_utl`,`derniere_visite_utl`,`publique_utl`,`publique_mmtpapier_utl`,`tovalid_utl`,`id_ville`,`id_pays`,`tout_lu_avant_utl`,`signature_utl`) VALUES ('aeJs2NnoQNwdo','valid','1','1982-12-09','6 Bvd Anatole France','BELFORT','90000','','+33102030405','+33612345678','Hackter','1','1','0','0','1','0','0','http://','','','1','1','none','34582','','','');
INSERT INTO `utilisateurs` (`id_utilisateur`,`nom_utl`,`prenom_utl`,`email_utl`,`pass_utl`,`hash_utl`,`sexe_utl`,`date_naissance_utl`,`addresse_utl`,`ville_utl`,`cpostal_utl`,`pays_utl`,`tel_maison_utl`,`tel_portable_utl`,`alias_utl`,`utbm_utl`,`etudiant_utl`,`ancien_etudiant_utl`,`ae_utl`,`modere_utl`,`droit_image_utl`,`montant_compte`,`site_web`,`date_maj_utl`,`derniere_visite_utl`,`publique_utl`,`publique_mmtpapier_utl`,`tovalid_utl`,`id_ville`,`id_pays`,`tout_lu_avant_utl`,`signature_utl`) VALUES ('aeJs2NnoQNwdo','valid','1','1983-07-09','6 Bvd Anatole France','BELFORT','90000','','+33102030405','+33612345678','binet','1','1','0','0','1','1','10','http://','','','1','1','none','34582','','','');
INSERT INTO `utilisateurs` (`id_utilisateur`,`nom_utl`,`prenom_utl`,`email_utl`,`pass_utl`,`hash_utl`,`sexe_utl`,`date_naissance_utl`,`addresse_utl`,`ville_utl`,`cpostal_utl`,`pays_utl`,`tel_maison_utl`,`tel_portable_utl`,`alias_utl`,`utbm_utl`,`etudiant_utl`,`ancien_etudiant_utl`,`ae_utl`,`modere_utl`,`droit_image_utl`,`montant_compte`,`site_web`,`date_maj_utl`,`derniere_visite_utl`,`publique_utl`,`publique_mmtpapier_utl`,`tovalid_utl`,`id_ville`,`id_pays`,`tout_lu_avant_utl`,`signature_utl`) VALUES ('aeJs2NnoQNwdo','valid','1','1983-04-26','6 Bvd Anatole France','BELFORT','90000','','+33102030405','+33612345678','ron','1','1','0','0','1','1','120','http://','2007-02-19 21:16:04','2007-06-04 15:25:07','1','1','none','8821','','','');
INSERT INTO `utilisateurs` (`id_utilisateur`,`nom_utl`,`prenom_utl`,`email_utl`,`pass_utl`,`hash_utl`,`sexe_utl`,`date_naissance_utl`,`addresse_utl`,`ville_utl`,`cpostal_utl`,`pays_utl`,`tel_maison_utl`,`tel_portable_utl`,`alias_utl`,`utbm_utl`,`etudiant_utl`,`ancien_etudiant_utl`,`ae_utl`,`modere_utl`,`droit_image_utl`,`montant_compte`,`site_web`,`date_maj_utl`,`derniere_visite_utl`,`publique_utl`,`publique_mmtpapier_utl`,`tovalid_utl`,`id_ville`,`id_pays`,`tout_lu_avant_utl`,`signature_utl`) VALUES ('aeJs2NnoQNwdo','valid','1','1985-09-15','6 Bvd Anatole France','BELFORT','90000','','+33102030405','+33612345678','Turic','1','0','1','0','1','0','0','http://','2006-09-12 11:11:39','','1','1','none','34655','','','');
INSERT INTO `utilisateurs` (`id_utilisateur`,`nom_utl`,`prenom_utl`,`email_utl`,`pass_utl`,`hash_utl`,`sexe_utl`,`date_naissance_utl`,`addresse_utl`,`ville_utl`,`cpostal_utl`,`pays_utl`,`tel_maison_utl`,`tel_portable_utl`,`alias_utl`,`utbm_utl`,`etudiant_utl`,`ancien_etudiant_utl`,`ae_utl`,`modere_utl`,`droit_image_utl`,`montant_compte`,`site_web`,`date_maj_utl`,`derniere_visite_utl`,`publique_utl`,`publique_mmtpapier_utl`,`tovalid_utl`,`id_ville`,`id_pays`,`tout_lu_avant_utl`,`signature_utl`) VALUES ('aeJs2NnoQNwdo','valid','1','1987-05-04','6 Bvd Anatole France','BELFORT','90000','FRANCE','+33102030405','+33612345678','','1','1','0','1','1','1','280','','2007-05-09 21:29:46','2007-05-27 12:15:23','1','1','none','34583','1','','');
INSERT INTO `utilisateurs` (`id_utilisateur`,`nom_utl`,`prenom_utl`,`email_utl`,`pass_utl`,`hash_utl`,`sexe_utl`,`date_naissance_utl`,`addresse_utl`,`ville_utl`,`cpostal_utl`,`pays_utl`,`tel_maison_utl`,`tel_portable_utl`,`alias_utl`,`utbm_utl`,`etudiant_utl`,`ancien_etudiant_utl`,`ae_utl`,`modere_utl`,`droit_image_utl`,`montant_compte`,`site_web`,`date_maj_utl`,`derniere_visite_utl`,`publique_utl`,`publique_mmtpapier_utl`,`tovalid_utl`,`id_ville`,`id_pays`,`tout_lu_avant_utl`,`signature_utl`) VALUES ('aeJs2NnoQNwdo','valid','1','1981-04-07','6 Bvd Anatole France','BELFORT','90000','','+33102030405','+33612345678','Lic','1','1','0','0','1','0','0','http://','','','1','1','none','','','','');
INSERT INTO `utilisateurs` (`id_utilisateur`,`nom_utl`,`prenom_utl`,`email_utl`,`pass_utl`,`hash_utl`,`sexe_utl`,`date_naissance_utl`,`addresse_utl`,`ville_utl`,`cpostal_utl`,`pays_utl`,`tel_maison_utl`,`tel_portable_utl`,`alias_utl`,`utbm_utl`,`etudiant_utl`,`ancien_etudiant_utl`,`ae_utl`,`modere_utl`,`droit_image_utl`,`montant_compte`,`site_web`,`date_maj_utl`,`derniere_visite_utl`,`publique_utl`,`publique_mmtpapier_utl`,`tovalid_utl`,`id_ville`,`id_pays`,`tout_lu_avant_utl`,`signature_utl`) VALUES ('aeJs2NnoQNwdo','valid','1','1982-10-20','6 Bvd Anatole France','BELFORT','90000','FRANCE','+33102030405','+33612345678','Pignon','1','1','0','1','1','1','47','http://','2007-02-03 00:59:03','2007-06-04 20:12:24','1','1','none','34582','1','','');
INSERT INTO `utilisateurs` (`id_utilisateur`,`nom_utl`,`prenom_utl`,`email_utl`,`pass_utl`,`hash_utl`,`sexe_utl`,`date_naissance_utl`,`addresse_utl`,`ville_utl`,`cpostal_utl`,`pays_utl`,`tel_maison_utl`,`tel_portable_utl`,`alias_utl`,`utbm_utl`,`etudiant_utl`,`ancien_etudiant_utl`,`ae_utl`,`modere_utl`,`droit_image_utl`,`montant_compte`,`site_web`,`date_maj_utl`,`derniere_visite_utl`,`publique_utl`,`publique_mmtpapier_utl`,`tovalid_utl`,`id_ville`,`id_pays`,`tout_lu_avant_utl`,`signature_utl`) VALUES ('aeJs2NnoQNwdo','valid','1','1981-08-10','6 Bvd Anatole France','BELFORT','90000','FRANCE','+33102030405','+33612345678','IFOOL','1','0','1','0','1','','0','http://','2007-04-18 08:19:28','2007-05-25 08:55:46','1','1','none','26852','1','','');
INSERT INTO `utilisateurs` (`id_utilisateur`,`nom_utl`,`prenom_utl`,`email_utl`,`pass_utl`,`hash_utl`,`sexe_utl`,`date_naissance_utl`,`addresse_utl`,`ville_utl`,`cpostal_utl`,`pays_utl`,`tel_maison_utl`,`tel_portable_utl`,`alias_utl`,`utbm_utl`,`etudiant_utl`,`ancien_etudiant_utl`,`ae_utl`,`modere_utl`,`droit_image_utl`,`montant_compte`,`site_web`,`date_maj_utl`,`derniere_visite_utl`,`publique_utl`,`publique_mmtpapier_utl`,`tovalid_utl`,`id_ville`,`id_pays`,`tout_lu_avant_utl`,`signature_utl`) VALUES ('aeJs2NnoQNwdo','valid','1','1984-09-21','6 Bvd Anatole France','BELFORT','90000','FRANCE','+33102030405','+33612345678','','1','1','0','0','1','0','0','http://','2006-09-27 14:18:16','2007-04-11 21:27:45','1','1','none','','1','','');
INSERT INTO `utilisateurs` (`id_utilisateur`,`nom_utl`,`prenom_utl`,`email_utl`,`pass_utl`,`hash_utl`,`sexe_utl`,`date_naissance_utl`,`addresse_utl`,`ville_utl`,`cpostal_utl`,`pays_utl`,`tel_maison_utl`,`tel_portable_utl`,`alias_utl`,`utbm_utl`,`etudiant_utl`,`ancien_etudiant_utl`,`ae_utl`,`modere_utl`,`droit_image_utl`,`montant_compte`,`site_web`,`date_maj_utl`,`derniere_visite_utl`,`publique_utl`,`publique_mmtpapier_utl`,`tovalid_utl`,`id_ville`,`id_pays`,`tout_lu_avant_utl`,`signature_utl`) VALUES ('aeJs2NnoQNwdo','valid','2','1985-01-30','6 Bvd Anatole France','BELFORT','90000','FRANCE','+33102030405','+33612345678','','1','1','0','1','1','1','0','','2007-01-30 00:43:58','2007-05-02 14:01:08','1','1','none','34582','1','','');
INSERT INTO `utilisateurs` (`id_utilisateur`,`nom_utl`,`prenom_utl`,`email_utl`,`pass_utl`,`hash_utl`,`sexe_utl`,`date_naissance_utl`,`addresse_utl`,`ville_utl`,`cpostal_utl`,`pays_utl`,`tel_maison_utl`,`tel_portable_utl`,`alias_utl`,`utbm_utl`,`etudiant_utl`,`ancien_etudiant_utl`,`ae_utl`,`modere_utl`,`droit_image_utl`,`montant_compte`,`site_web`,`date_maj_utl`,`derniere_visite_utl`,`publique_utl`,`publique_mmtpapier_utl`,`tovalid_utl`,`id_ville`,`id_pays`,`tout_lu_avant_utl`,`signature_utl`) VALUES ('aeJs2NnoQNwdo','valid','1','','6 Bvd Anatole France','BELFORT','90000','FRANCE','+33102030405','+33612345678','','1','1','0','0','1','1','0','','2006-09-07 14:57:39','','1','1','none','34582','1','','');
INSERT INTO `utilisateurs` (`id_utilisateur`,`nom_utl`,`prenom_utl`,`email_utl`,`pass_utl`,`hash_utl`,`sexe_utl`,`date_naissance_utl`,`addresse_utl`,`ville_utl`,`cpostal_utl`,`pays_utl`,`tel_maison_utl`,`tel_portable_utl`,`alias_utl`,`utbm_utl`,`etudiant_utl`,`ancien_etudiant_utl`,`ae_utl`,`modere_utl`,`droit_image_utl`,`montant_compte`,`site_web`,`date_maj_utl`,`derniere_visite_utl`,`publique_utl`,`publique_mmtpapier_utl`,`tovalid_utl`,`id_ville`,`id_pays`,`tout_lu_avant_utl`,`signature_utl`) VALUES ('aeJs2NnoQNwdo','valid','1','1983-08-30','6 Bvd Anatole France','BELFORT','90000','FRANCE','+33102030405','+33612345678','2pic','1','1','0','1','1','1','2716','http://','2006-09-21 16:03:22','2007-05-26 15:21:08','1','1','none','12966','1','','');
INSERT INTO `utilisateurs` (`id_utilisateur`,`nom_utl`,`prenom_utl`,`email_utl`,`pass_utl`,`hash_utl`,`sexe_utl`,`date_naissance_utl`,`addresse_utl`,`ville_utl`,`cpostal_utl`,`pays_utl`,`tel_maison_utl`,`tel_portable_utl`,`alias_utl`,`utbm_utl`,`etudiant_utl`,`ancien_etudiant_utl`,`ae_utl`,`modere_utl`,`droit_image_utl`,`montant_compte`,`site_web`,`date_maj_utl`,`derniere_visite_utl`,`publique_utl`,`publique_mmtpapier_utl`,`tovalid_utl`,`id_ville`,`id_pays`,`tout_lu_avant_utl`,`signature_utl`) VALUES ('aeJs2NnoQNwdo','valid','1','1983-07-22','6 Bvd Anatole France','BELFORT','90000','CANADA','+33102030405','+33612345678','dazur','1','1','0','0','1','','0','http://','2007-04-21 10:01:54','2007-04-23 14:40:07','1','1','none','','39','','');
INSERT INTO `utilisateurs` (`id_utilisateur`,`nom_utl`,`prenom_utl`,`email_utl`,`pass_utl`,`hash_utl`,`sexe_utl`,`date_naissance_utl`,`addresse_utl`,`ville_utl`,`cpostal_utl`,`pays_utl`,`tel_maison_utl`,`tel_portable_utl`,`alias_utl`,`utbm_utl`,`etudiant_utl`,`ancien_etudiant_utl`,`ae_utl`,`modere_utl`,`droit_image_utl`,`montant_compte`,`site_web`,`date_maj_utl`,`derniere_visite_utl`,`publique_utl`,`publique_mmtpapier_utl`,`tovalid_utl`,`id_ville`,`id_pays`,`tout_lu_avant_utl`,`signature_utl`) VALUES ('aeJs2NnoQNwdo','valid','1','1972-12-15','6 Bvd Anatole France','BELFORT','90000','','+33102030405','+33612345678','vincent.hilaire','1','1','0','0','1','0','0','http://','','2007-01-23 16:21:07','1','1','none','','','','');
INSERT INTO `utilisateurs` (`id_utilisateur`,`nom_utl`,`prenom_utl`,`email_utl`,`pass_utl`,`hash_utl`,`sexe_utl`,`date_naissance_utl`,`addresse_utl`,`ville_utl`,`cpostal_utl`,`pays_utl`,`tel_maison_utl`,`tel_portable_utl`,`alias_utl`,`utbm_utl`,`etudiant_utl`,`ancien_etudiant_utl`,`ae_utl`,`modere_utl`,`droit_image_utl`,`montant_compte`,`site_web`,`date_maj_utl`,`derniere_visite_utl`,`publique_utl`,`publique_mmtpapier_utl`,`tovalid_utl`,`id_ville`,`id_pays`,`tout_lu_avant_utl`,`signature_utl`) VALUES ('aeJs2NnoQNwdo','valid','2','1987-09-09','6 Bvd Anatole France','BELFORT','90000','FRANCE','+33102030405','+33612345678','','1','1','0','1','1','1','680','','2007-02-19 17:14:25','2007-06-04 21:07:03','1','1','none','34582','1','','');
INSERT INTO `utilisateurs` (`id_utilisateur`,`nom_utl`,`prenom_utl`,`email_utl`,`pass_utl`,`hash_utl`,`sexe_utl`,`date_naissance_utl`,`addresse_utl`,`ville_utl`,`cpostal_utl`,`pays_utl`,`tel_maison_utl`,`tel_portable_utl`,`alias_utl`,`utbm_utl`,`etudiant_utl`,`ancien_etudiant_utl`,`ae_utl`,`modere_utl`,`droit_image_utl`,`montant_compte`,`site_web`,`date_maj_utl`,`derniere_visite_utl`,`publique_utl`,`publique_mmtpapier_utl`,`tovalid_utl`,`id_ville`,`id_pays`,`tout_lu_avant_utl`,`signature_utl`) VALUES ('aeJs2NnoQNwdo','valid','2','1981-11-26','6 Bvd Anatole France','BELFORT','90000','','+33102030405','+33612345678','Balcon','1','0','1','0','1','0','0','http://','','','1','1','none','34582','','','');
INSERT INTO `utilisateurs` (`id_utilisateur`,`nom_utl`,`prenom_utl`,`email_utl`,`pass_utl`,`hash_utl`,`sexe_utl`,`date_naissance_utl`,`addresse_utl`,`ville_utl`,`cpostal_utl`,`pays_utl`,`tel_maison_utl`,`tel_portable_utl`,`alias_utl`,`utbm_utl`,`etudiant_utl`,`ancien_etudiant_utl`,`ae_utl`,`modere_utl`,`droit_image_utl`,`montant_compte`,`site_web`,`date_maj_utl`,`derniere_visite_utl`,`publique_utl`,`publique_mmtpapier_utl`,`tovalid_utl`,`id_ville`,`id_pays`,`tout_lu_avant_utl`,`signature_utl`) VALUES ('aeJs2NnoQNwdo','valid','1','1981-10-05','6 Bvd Anatole France','BELFORT','90000','','+33102030405','+33612345678','Sye','1','1','0','0','1','0','0','http://','','2007-05-01 15:29:46','1','1','none','15289','','','');
INSERT INTO `utilisateurs` (`id_utilisateur`,`nom_utl`,`prenom_utl`,`email_utl`,`pass_utl`,`hash_utl`,`sexe_utl`,`date_naissance_utl`,`addresse_utl`,`ville_utl`,`cpostal_utl`,`pays_utl`,`tel_maison_utl`,`tel_portable_utl`,`alias_utl`,`utbm_utl`,`etudiant_utl`,`ancien_etudiant_utl`,`ae_utl`,`modere_utl`,`droit_image_utl`,`montant_compte`,`site_web`,`date_maj_utl`,`derniere_visite_utl`,`publique_utl`,`publique_mmtpapier_utl`,`tovalid_utl`,`id_ville`,`id_pays`,`tout_lu_avant_utl`,`signature_utl`) VALUES ('aeJs2NnoQNwdo','valid','1','1981-01-26','6 Bvd Anatole France','BELFORT','90000','','+33102030405','+33612345678','','1','0','1','0','1','0','0','http://','','','1','1','none','','','','');
INSERT INTO `utilisateurs` (`id_utilisateur`,`nom_utl`,`prenom_utl`,`email_utl`,`pass_utl`,`hash_utl`,`sexe_utl`,`date_naissance_utl`,`addresse_utl`,`ville_utl`,`cpostal_utl`,`pays_utl`,`tel_maison_utl`,`tel_portable_utl`,`alias_utl`,`utbm_utl`,`etudiant_utl`,`ancien_etudiant_utl`,`ae_utl`,`modere_utl`,`droit_image_utl`,`montant_compte`,`site_web`,`date_maj_utl`,`derniere_visite_utl`,`publique_utl`,`publique_mmtpapier_utl`,`tovalid_utl`,`id_ville`,`id_pays`,`tout_lu_avant_utl`,`signature_utl`) VALUES ('aeJs2NnoQNwdo','valid','1','1979-08-28','6 Bvd Anatole France','BELFORT','90000','','+33102030405','+33612345678','Bouy','1','1','0','0','1','0','0','http://','','','1','1','none','34582','','','');
INSERT INTO `utilisateurs` (`id_utilisateur`,`nom_utl`,`prenom_utl`,`email_utl`,`pass_utl`,`hash_utl`,`sexe_utl`,`date_naissance_utl`,`addresse_utl`,`ville_utl`,`cpostal_utl`,`pays_utl`,`tel_maison_utl`,`tel_portable_utl`,`alias_utl`,`utbm_utl`,`etudiant_utl`,`ancien_etudiant_utl`,`ae_utl`,`modere_utl`,`droit_image_utl`,`montant_compte`,`site_web`,`date_maj_utl`,`derniere_visite_utl`,`publique_utl`,`publique_mmtpapier_utl`,`tovalid_utl`,`id_ville`,`id_pays`,`tout_lu_avant_utl`,`signature_utl`) VALUES ('aeJs2NnoQNwdo','valid','1','1984-10-02','6 Bvd Anatole France','BELFORT','90000','FRANCE','+33102030405','+33612345678','Scriptom ','1','1','0','1','1','1','35','http://','2007-02-15 11:34:05','2007-06-04 17:06:18','1','1','none','34582','1','','');
INSERT INTO `utilisateurs` (`id_utilisateur`,`nom_utl`,`prenom_utl`,`email_utl`,`pass_utl`,`hash_utl`,`sexe_utl`,`date_naissance_utl`,`addresse_utl`,`ville_utl`,`cpostal_utl`,`pays_utl`,`tel_maison_utl`,`tel_portable_utl`,`alias_utl`,`utbm_utl`,`etudiant_utl`,`ancien_etudiant_utl`,`ae_utl`,`modere_utl`,`droit_image_utl`,`montant_compte`,`site_web`,`date_maj_utl`,`derniere_visite_utl`,`publique_utl`,`publique_mmtpapier_utl`,`tovalid_utl`,`id_ville`,`id_pays`,`tout_lu_avant_utl`,`signature_utl`) VALUES ('aeJs2NnoQNwdo','valid','1','1983-10-13','6 Bvd Anatole France','BELFORT','90000','france','+33102030405','+33612345678','','1','1','0','0','1','1','0','','2006-09-07 17:40:23','','1','1','none','34582','1','','');
INSERT INTO `utilisateurs` (`id_utilisateur`,`nom_utl`,`prenom_utl`,`email_utl`,`pass_utl`,`hash_utl`,`sexe_utl`,`date_naissance_utl`,`addresse_utl`,`ville_utl`,`cpostal_utl`,`pays_utl`,`tel_maison_utl`,`tel_portable_utl`,`alias_utl`,`utbm_utl`,`etudiant_utl`,`ancien_etudiant_utl`,`ae_utl`,`modere_utl`,`droit_image_utl`,`montant_compte`,`site_web`,`date_maj_utl`,`derniere_visite_utl`,`publique_utl`,`publique_mmtpapier_utl`,`tovalid_utl`,`id_ville`,`id_pays`,`tout_lu_avant_utl`,`signature_utl`) VALUES ('aeJs2NnoQNwdo','valid','1','1980-10-24','6 Bvd Anatole France','BELFORT','90000','','+33102030405','+33612345678','Benj','1','0','1','0','1','0','0','http://','','','1','1','none','26852','','','');
INSERT INTO `utilisateurs` (`id_utilisateur`,`nom_utl`,`prenom_utl`,`email_utl`,`pass_utl`,`hash_utl`,`sexe_utl`,`date_naissance_utl`,`addresse_utl`,`ville_utl`,`cpostal_utl`,`pays_utl`,`tel_maison_utl`,`tel_portable_utl`,`alias_utl`,`utbm_utl`,`etudiant_utl`,`ancien_etudiant_utl`,`ae_utl`,`modere_utl`,`droit_image_utl`,`montant_compte`,`site_web`,`date_maj_utl`,`derniere_visite_utl`,`publique_utl`,`publique_mmtpapier_utl`,`tovalid_utl`,`id_ville`,`id_pays`,`tout_lu_avant_utl`,`signature_utl`) VALUES ('3536','LECUYER','Nicolas','nicolas.lecuyer@nonexistentdomain.fr','aeB9/H6fUIZJk','6ebe297e08838415239d8479722c5a2a','1','1984-07-31','6 Bvd Anatole France','BELFORT','90000','FRANCE','+33102030405','+33612345678','','1','1','0','0','1','1','0','','2006-11-14 16:19:18','','1','1','none','34582','1','','');



-- asso_membre

INSERT INTO `asso_membre` (`id_asso`,`id_utilisateur`,`date_debut`,`date_fin`,`role`,`desc_role`) VALUES ('3','265','2005-02-28','2005-06-30','2','Resp Com\'');
INSERT INTO `asso_membre` (`id_asso`,`id_utilisateur`,`date_debut`,`date_fin`,`role`,`desc_role`) VALUES ('3','265','2005-09-05','2006-01-28','2','Vice Prez Sev');
INSERT INTO `asso_membre` (`id_asso`,`id_utilisateur`,`date_debut`,`date_fin`,`role`,`desc_role`) VALUES ('64','265','2003-09-01','2004-01-31','1','Risoul04 resp anim\'');
INSERT INTO `asso_membre` (`id_asso`,`id_utilisateur`,`date_debut`,`date_fin`,`role`,`desc_role`) VALUES ('2','303','2006-04-11','2006-07-26','2','Vice-trésorier');
INSERT INTO `asso_membre` (`id_asso`,`id_utilisateur`,`date_debut`,`date_fin`,`role`,`desc_role`) VALUES ('23','541','2002-09-01','2007-03-07','0','');
INSERT INTO `asso_membre` (`id_asso`,`id_utilisateur`,`date_debut`,`date_fin`,`role`,`desc_role`) VALUES ('11','541','2004-03-01','2005-01-31','0','Responsable ClubEO');
INSERT INTO `asso_membre` (`id_asso`,`id_utilisateur`,`date_debut`,`date_fin`,`role`,`desc_role`) VALUES ('3','1621','2006-09-01','2007-02-03','7','');
INSERT INTO `asso_membre` (`id_asso`,`id_utilisateur`,`date_debut`,`date_fin`,`role`,`desc_role`) VALUES ('2','1661','2006-04-11','2006-07-26','4','');
INSERT INTO `asso_membre` (`id_asso`,`id_utilisateur`,`date_debut`,`date_fin`,`role`,`desc_role`) VALUES ('2','1661','2006-07-26','2006-12-14','2','Responsable BAR');
INSERT INTO `asso_membre` (`id_asso`,`id_utilisateur`,`date_debut`,`date_fin`,`role`,`desc_role`) VALUES ('25','1709','2004-09-07','2005-06-21','2','Vice-Président');
INSERT INTO `asso_membre` (`id_asso`,`id_utilisateur`,`date_debut`,`date_fin`,`role`,`desc_role`) VALUES ('2','1709','2006-04-11','2007-02-02','10','');
INSERT INTO `asso_membre` (`id_asso`,`id_utilisateur`,`date_debut`,`date_fin`,`role`,`desc_role`) VALUES ('30','2719','2006-05-25','2007-05-12','0','');
INSERT INTO `asso_membre` (`id_asso`,`id_utilisateur`,`date_debut`,`date_fin`,`role`,`desc_role`) VALUES ('17','3070','2006-10-14','2007-04-14','0','Responsable Bowling + Patinoire');
INSERT INTO `asso_membre` (`id_asso`,`id_utilisateur`,`date_debut`,`date_fin`,`role`,`desc_role`) VALUES ('29','3070','2006-10-05','2007-03-01','0','');
INSERT INTO `asso_membre` (`id_asso`,`id_utilisateur`,`date_debut`,`date_fin`,`role`,`desc_role`) VALUES ('30','3375','2007-05-09','','0','');
INSERT INTO `asso_membre` (`id_asso`,`id_utilisateur`,`date_debut`,`date_fin`,`role`,`desc_role`) VALUES ('30','3379','2007-05-10','','0','');



-- parrains

INSERT INTO `parrains` (`id_utilisateur`,`id_utilisateur_fillot`,`id_photo`) VALUES ('265','206','');
INSERT INTO `parrains` (`id_utilisateur`,`id_utilisateur_fillot`,`id_photo`) VALUES ('265','1015','');
INSERT INTO `parrains` (`id_utilisateur`,`id_utilisateur_fillot`,`id_photo`) VALUES ('1621','2376','');
INSERT INTO `parrains` (`id_utilisateur`,`id_utilisateur_fillot`,`id_photo`) VALUES ('1661','2423','');
INSERT INTO `parrains` (`id_utilisateur`,`id_utilisateur_fillot`,`id_photo`) VALUES ('1709','2906','');
INSERT INTO `parrains` (`id_utilisateur`,`id_utilisateur_fillot`,`id_photo`) VALUES ('1709','2942','');
INSERT INTO `parrains` (`id_utilisateur`,`id_utilisateur_fillot`,`id_photo`) VALUES ('1709','3445','');



-- reparsing fillots (one level fillots only) 

INSERT INTO `utilisateurs` (`id_utilisateur`,`nom_utl`,`prenom_utl`,`email_utl`,`pass_utl`,`hash_utl`,`sexe_utl`,`date_naissance_utl`,`addresse_utl`,`ville_utl`,`cpostal_utl`,`pays_utl`,`tel_maison_utl`,`tel_portable_utl`,`alias_utl`,`utbm_utl`,`etudiant_utl`,`ancien_etudiant_utl`,`ae_utl`,`modere_utl`,`droit_image_utl`,`montant_compte`,`site_web`,`date_maj_utl`,`derniere_visite_utl`,`publique_utl`,`publique_mmtpapier_utl`,`tovalid_utl`,`id_ville`,`id_pays`,`tout_lu_avant_utl`,`signature_utl`) VALUES ('aeJs2NnoQNwdo','valid','1','1984-08-07','6 Bvd Anatole France','BELFORT','90000','FRANCE','+33102030405','+33612345678','Eunteur','1','1','0','1','1','1','190','http://','2007-05-14 00:23:20','2007-06-02 18:56:11','1','1','none','34582','1','','');
INSERT INTO `utilisateurs` (`id_utilisateur`,`nom_utl`,`prenom_utl`,`email_utl`,`pass_utl`,`hash_utl`,`sexe_utl`,`date_naissance_utl`,`addresse_utl`,`ville_utl`,`cpostal_utl`,`pays_utl`,`tel_maison_utl`,`tel_portable_utl`,`alias_utl`,`utbm_utl`,`etudiant_utl`,`ancien_etudiant_utl`,`ae_utl`,`modere_utl`,`droit_image_utl`,`montant_compte`,`site_web`,`date_maj_utl`,`derniere_visite_utl`,`publique_utl`,`publique_mmtpapier_utl`,`tovalid_utl`,`id_ville`,`id_pays`,`tout_lu_avant_utl`,`signature_utl`) VALUES ('aeJs2NnoQNwdo','valid','1','1984-01-13','6 Bvd Anatole France','BELFORT','90000','FRANCE','+33102030405','+33612345678','','1','1','0','0','1','0','0','http://','2006-12-18 15:57:07','2007-06-03 18:29:57','1','1','none','34655','1','','');
INSERT INTO `utilisateurs` (`id_utilisateur`,`nom_utl`,`prenom_utl`,`email_utl`,`pass_utl`,`hash_utl`,`sexe_utl`,`date_naissance_utl`,`addresse_utl`,`ville_utl`,`cpostal_utl`,`pays_utl`,`tel_maison_utl`,`tel_portable_utl`,`alias_utl`,`utbm_utl`,`etudiant_utl`,`ancien_etudiant_utl`,`ae_utl`,`modere_utl`,`droit_image_utl`,`montant_compte`,`site_web`,`date_maj_utl`,`derniere_visite_utl`,`publique_utl`,`publique_mmtpapier_utl`,`tovalid_utl`,`id_ville`,`id_pays`,`tout_lu_avant_utl`,`signature_utl`) VALUES ('aeJs2NnoQNwdo','valid','1','1981-08-29','6 Bvd Anatole France','BELFORT','90000','','+33102030405','+33612345678','Coletta','1','1','0','0','1','1','50','http://','2006-09-06 14:01:01','2007-06-04 22:20:57','1','1','none','32756','','','');
INSERT INTO `utilisateurs` (`id_utilisateur`,`nom_utl`,`prenom_utl`,`email_utl`,`pass_utl`,`hash_utl`,`sexe_utl`,`date_naissance_utl`,`addresse_utl`,`ville_utl`,`cpostal_utl`,`pays_utl`,`tel_maison_utl`,`tel_portable_utl`,`alias_utl`,`utbm_utl`,`etudiant_utl`,`ancien_etudiant_utl`,`ae_utl`,`modere_utl`,`droit_image_utl`,`montant_compte`,`site_web`,`date_maj_utl`,`derniere_visite_utl`,`publique_utl`,`publique_mmtpapier_utl`,`tovalid_utl`,`id_ville`,`id_pays`,`tout_lu_avant_utl`,`signature_utl`) VALUES ('aeJs2NnoQNwdo','valid','1','1984-07-24','6 Bvd Anatole France','BELFORT','90000','FRANCE','+33102030405','+33612345678','','1','1','0','1','1','','2648','http://','2007-05-30 08:47:22','2007-06-04 21:43:06','1','1','none','34582','1','','');
INSERT INTO `utilisateurs` (`id_utilisateur`,`nom_utl`,`prenom_utl`,`email_utl`,`pass_utl`,`hash_utl`,`sexe_utl`,`date_naissance_utl`,`addresse_utl`,`ville_utl`,`cpostal_utl`,`pays_utl`,`tel_maison_utl`,`tel_portable_utl`,`alias_utl`,`utbm_utl`,`etudiant_utl`,`ancien_etudiant_utl`,`ae_utl`,`modere_utl`,`droit_image_utl`,`montant_compte`,`site_web`,`date_maj_utl`,`derniere_visite_utl`,`publique_utl`,`publique_mmtpapier_utl`,`tovalid_utl`,`id_ville`,`id_pays`,`tout_lu_avant_utl`,`signature_utl`) VALUES ('2906','KROICHE','Pierre','pierre.kroiche@nonexistentdomain.fr','aeqRPN2eE4Z3w','ed6064a547a5b2115636b1a28c726583','1','2006-03-01','6 Bvd Anatole France','BELFORT','90000','','+33102030405','+33612345678','Pierre-Yves','1','1','0','0','1','1','2730','','','','1','1','none','','','','');
INSERT INTO `utilisateurs` (`id_utilisateur`,`nom_utl`,`prenom_utl`,`email_utl`,`pass_utl`,`hash_utl`,`sexe_utl`,`date_naissance_utl`,`addresse_utl`,`ville_utl`,`cpostal_utl`,`pays_utl`,`tel_maison_utl`,`tel_portable_utl`,`alias_utl`,`utbm_utl`,`etudiant_utl`,`ancien_etudiant_utl`,`ae_utl`,`modere_utl`,`droit_image_utl`,`montant_compte`,`site_web`,`date_maj_utl`,`derniere_visite_utl`,`publique_utl`,`publique_mmtpapier_utl`,`tovalid_utl`,`id_ville`,`id_pays`,`tout_lu_avant_utl`,`signature_utl`) VALUES ('2942','LOTZE','Jean-Charles','jean-charles.lotze@nonexistentdomain.fr','aeS3m8QE5YHEg','a9ff57d6f263bdeb93b5c47c7686d2bd','','','6 Bvd Anatole France','BELFORT','90000','','+33102030405','+33612345678','','1','1','0','0','1','1','50','','','','1','1','none','','','','');
INSERT INTO `utilisateurs` (`id_utilisateur`,`nom_utl`,`prenom_utl`,`email_utl`,`pass_utl`,`hash_utl`,`sexe_utl`,`date_naissance_utl`,`addresse_utl`,`ville_utl`,`cpostal_utl`,`pays_utl`,`tel_maison_utl`,`tel_portable_utl`,`alias_utl`,`utbm_utl`,`etudiant_utl`,`ancien_etudiant_utl`,`ae_utl`,`modere_utl`,`droit_image_utl`,`montant_compte`,`site_web`,`date_maj_utl`,`derniere_visite_utl`,`publique_utl`,`publique_mmtpapier_utl`,`tovalid_utl`,`id_ville`,`id_pays`,`tout_lu_avant_utl`,`signature_utl`) VALUES ('aeJs2NnoQNwdo','valid','1','1986-03-25','6 Bvd Anatole France','BELFORT','90000','FRANCE','+33102030405','+33612345678','','1','1','0','1','1','1','280','','2006-09-11 09:11:05','2007-05-22 21:18:53','1','1','none','','1','','');



-- utl_etu 

INSERT INTO `utl_etu` (`id_utilisateur`,`citation`,`adresse_parents`,`ville_parents`,`cpostal_parents`,`pays_parents`,`tel_parents`,`nom_ecole_etudiant`,`visites`,`id_ville`,`id_pays`) VALUES ('206','Pluie en novembre, Noël fin décembre...','45 rue de la Tour Eiffel','Paris','75013',,'','UTBM','12','14655','');
INSERT INTO `utl_etu` (`id_utilisateur`,`citation`,`adresse_parents`,`ville_parents`,`cpostal_parents`,`pays_parents`,`tel_parents`,`nom_ecole_etudiant`,`visites`,`id_ville`,`id_pays`) VALUES ('265','','45 rue de la Tour Eiffel','Paris','75013',,'','UTBM','18','34110','');
INSERT INTO `utl_etu` (`id_utilisateur`,`citation`,`adresse_parents`,`ville_parents`,`cpostal_parents`,`pays_parents`,`tel_parents`,`nom_ecole_etudiant`,`visites`,`id_ville`,`id_pays`) VALUES ('303','Il faut se dépêcher de boire avant d\'être saoul.','45 rue de la Tour Eiffel','Paris','75013',,'','UTBM','12','24855','');
INSERT INTO `utl_etu` (`id_utilisateur`,`citation`,`adresse_parents`,`ville_parents`,`cpostal_parents`,`pays_parents`,`tel_parents`,`nom_ecole_etudiant`,`visites`,`id_ville`,`id_pays`) VALUES ('482','Et tant pis pour mon foie...','45 rue de la Tour Eiffel','Paris','75013',,'+33384332055','UTBM','3','34997','');
INSERT INTO `utl_etu` (`id_utilisateur`,`citation`,`adresse_parents`,`ville_parents`,`cpostal_parents`,`pays_parents`,`tel_parents`,`nom_ecole_etudiant`,`visites`,`id_ville`,`id_pays`) VALUES ('507','','45 rue de la Tour Eiffel','Paris','75013',,'+33160360156','UTBM','0','','');
INSERT INTO `utl_etu` (`id_utilisateur`,`citation`,`adresse_parents`,`ville_parents`,`cpostal_parents`,`pays_parents`,`tel_parents`,`nom_ecole_etudiant`,`visites`,`id_ville`,`id_pays`) VALUES ('541','Bande de coolies ! - Sikung N\'Guyen','45 rue de la Tour Eiffel','Paris','75013',,'+33235696837','UTBM','2','29886','');
INSERT INTO `utl_etu` (`id_utilisateur`,`citation`,`adresse_parents`,`ville_parents`,`cpostal_parents`,`pays_parents`,`tel_parents`,`nom_ecole_etudiant`,`visites`,`id_ville`,`id_pays`) VALUES ('660','En exil en Suisse pour 6 mois !','45 rue de la Tour Eiffel','Paris','75013',,'','UTBM','0','21338','');
INSERT INTO `utl_etu` (`id_utilisateur`,`citation`,`adresse_parents`,`ville_parents`,`cpostal_parents`,`pays_parents`,`tel_parents`,`nom_ecole_etudiant`,`visites`,`id_ville`,`id_pays`) VALUES ('914','','45 rue de la Tour Eiffel','Paris','75013',,'','UTBM','31','26962','');
INSERT INTO `utl_etu` (`id_utilisateur`,`citation`,`adresse_parents`,`ville_parents`,`cpostal_parents`,`pays_parents`,`tel_parents`,`nom_ecole_etudiant`,`visites`,`id_ville`,`id_pays`) VALUES ('921','','45 rue de la Tour Eiffel','Paris','75013',,'','UTBM','1','','');
INSERT INTO `utl_etu` (`id_utilisateur`,`citation`,`adresse_parents`,`ville_parents`,`cpostal_parents`,`pays_parents`,`tel_parents`,`nom_ecole_etudiant`,`visites`,`id_ville`,`id_pays`) VALUES ('923','Don\'t Worry, Be Happy','45 rue de la Tour Eiffel','Paris','75013',,'+33556206339','UTBM','2','12517','');
INSERT INTO `utl_etu` (`id_utilisateur`,`citation`,`adresse_parents`,`ville_parents`,`cpostal_parents`,`pays_parents`,`tel_parents`,`nom_ecole_etudiant`,`visites`,`id_ville`,`id_pays`) VALUES ('993','','45 rue de la Tour Eiffel','Paris','75013',,'','UTBM','0','30633','');
INSERT INTO `utl_etu` (`id_utilisateur`,`citation`,`adresse_parents`,`ville_parents`,`cpostal_parents`,`pays_parents`,`tel_parents`,`nom_ecole_etudiant`,`visites`,`id_ville`,`id_pays`) VALUES ('1015','','45 rue de la Tour Eiffel','Paris','75013',,'','UTBM','5','14765','');
INSERT INTO `utl_etu` (`id_utilisateur`,`citation`,`adresse_parents`,`ville_parents`,`cpostal_parents`,`pays_parents`,`tel_parents`,`nom_ecole_etudiant`,`visites`,`id_ville`,`id_pays`) VALUES ('1210','Quand on est sûr d\'avoir raison, on n\'a pas besoin de discuter avec ceux qui ont torts','45 rue de la Tour Eiffel','Paris','75013',,'','UTBM','0','9272','');
INSERT INTO `utl_etu` (`id_utilisateur`,`citation`,`adresse_parents`,`ville_parents`,`cpostal_parents`,`pays_parents`,`tel_parents`,`nom_ecole_etudiant`,`visites`,`id_ville`,`id_pays`) VALUES ('1463','','45 rue de la Tour Eiffel','Paris','75013',,'','UTBM','0','','');
INSERT INTO `utl_etu` (`id_utilisateur`,`citation`,`adresse_parents`,`ville_parents`,`cpostal_parents`,`pays_parents`,`tel_parents`,`nom_ecole_etudiant`,`visites`,`id_ville`,`id_pays`) VALUES ('1615','','45 rue de la Tour Eiffel','Paris','75013',,'','UTBM','0','','');
INSERT INTO `utl_etu` (`id_utilisateur`,`citation`,`adresse_parents`,`ville_parents`,`cpostal_parents`,`pays_parents`,`tel_parents`,`nom_ecole_etudiant`,`visites`,`id_ville`,`id_pays`) VALUES ('1621','','45 rue de la Tour Eiffel','Paris','75013',,'','UTBM','56','29591','');
INSERT INTO `utl_etu` (`id_utilisateur`,`citation`,`adresse_parents`,`ville_parents`,`cpostal_parents`,`pays_parents`,`tel_parents`,`nom_ecole_etudiant`,`visites`,`id_ville`,`id_pays`) VALUES ('1633','','45 rue de la Tour Eiffel','Paris','75013',,'','UTBM','32','14179','1');
INSERT INTO `utl_etu` (`id_utilisateur`,`citation`,`adresse_parents`,`ville_parents`,`cpostal_parents`,`pays_parents`,`tel_parents`,`nom_ecole_etudiant`,`visites`,`id_ville`,`id_pays`) VALUES ('1661','','45 rue de la Tour Eiffel','Paris','75013',,'','UTBM','59','15434','');
INSERT INTO `utl_etu` (`id_utilisateur`,`citation`,`adresse_parents`,`ville_parents`,`cpostal_parents`,`pays_parents`,`tel_parents`,`nom_ecole_etudiant`,`visites`,`id_ville`,`id_pays`) VALUES ('1709','Au pieds d\'une vigne je naquis un jour...','45 rue de la Tour Eiffel','Paris','75013',,'','UTBM','25','28129','');
INSERT INTO `utl_etu` (`id_utilisateur`,`citation`,`adresse_parents`,`ville_parents`,`cpostal_parents`,`pays_parents`,`tel_parents`,`nom_ecole_etudiant`,`visites`,`id_ville`,`id_pays`) VALUES ('1726','Celui qui cherche la vérité n\'est pas dangeureux, celui qui croit l\'avoir trouvé est redoutable...','45 rue de la Tour Eiffel','Paris','75013',,'','UQTR','3','27134','');
INSERT INTO `utl_etu` (`id_utilisateur`,`citation`,`adresse_parents`,`ville_parents`,`cpostal_parents`,`pays_parents`,`tel_parents`,`nom_ecole_etudiant`,`visites`,`id_ville`,`id_pays`) VALUES ('2132','Quelqu\'un pourrait-il garder mes planches de surf?','45 rue de la Tour Eiffel','Paris','75013',,'','UTBM','5','','');
INSERT INTO `utl_etu` (`id_utilisateur`,`citation`,`adresse_parents`,`ville_parents`,`cpostal_parents`,`pays_parents`,`tel_parents`,`nom_ecole_etudiant`,`visites`,`id_ville`,`id_pays`) VALUES ('2146','','45 rue de la Tour Eiffel','Paris','75013',,'','UTBM','2','','');
INSERT INTO `utl_etu` (`id_utilisateur`,`citation`,`adresse_parents`,`ville_parents`,`cpostal_parents`,`pays_parents`,`tel_parents`,`nom_ecole_etudiant`,`visites`,`id_ville`,`id_pays`) VALUES ('2376','','45 rue de la Tour Eiffel','Paris','75013',,'','UTBM','35','','');
INSERT INTO `utl_etu` (`id_utilisateur`,`citation`,`adresse_parents`,`ville_parents`,`cpostal_parents`,`pays_parents`,`tel_parents`,`nom_ecole_etudiant`,`visites`,`id_ville`,`id_pays`) VALUES ('2423','','45 rue de la Tour Eiffel','Paris','75013',,'','UTBM','107','','');
INSERT INTO `utl_etu` (`id_utilisateur`,`citation`,`adresse_parents`,`ville_parents`,`cpostal_parents`,`pays_parents`,`tel_parents`,`nom_ecole_etudiant`,`visites`,`id_ville`,`id_pays`) VALUES ('2667','','45 rue de la Tour Eiffel','Paris','75013',,'','UTBM','40','14839','');
INSERT INTO `utl_etu` (`id_utilisateur`,`citation`,`adresse_parents`,`ville_parents`,`cpostal_parents`,`pays_parents`,`tel_parents`,`nom_ecole_etudiant`,`visites`,`id_ville`,`id_pays`) VALUES ('2719','','45 rue de la Tour Eiffel','Paris','75013',,'','UTBM','50','','');
INSERT INTO `utl_etu` (`id_utilisateur`,`citation`,`adresse_parents`,`ville_parents`,`cpostal_parents`,`pays_parents`,`tel_parents`,`nom_ecole_etudiant`,`visites`,`id_ville`,`id_pays`) VALUES ('2906','','45 rue de la Tour Eiffel','Paris','75013',,'','UTBM','4','','');
INSERT INTO `utl_etu` (`id_utilisateur`,`citation`,`adresse_parents`,`ville_parents`,`cpostal_parents`,`pays_parents`,`tel_parents`,`nom_ecole_etudiant`,`visites`,`id_ville`,`id_pays`) VALUES ('2942','','45 rue de la Tour Eiffel','Paris','75013',,'','UTBM','4','','');
INSERT INTO `utl_etu` (`id_utilisateur`,`citation`,`adresse_parents`,`ville_parents`,`cpostal_parents`,`pays_parents`,`tel_parents`,`nom_ecole_etudiant`,`visites`,`id_ville`,`id_pays`) VALUES ('3070','','45 rue de la Tour Eiffel','Paris','75013',,'','UTBM','134','','');
INSERT INTO `utl_etu` (`id_utilisateur`,`citation`,`adresse_parents`,`ville_parents`,`cpostal_parents`,`pays_parents`,`tel_parents`,`nom_ecole_etudiant`,`visites`,`id_ville`,`id_pays`) VALUES ('3130','','45 rue de la Tour Eiffel','Paris','75013',,'','UTBM','5','1926','');
INSERT INTO `utl_etu` (`id_utilisateur`,`citation`,`adresse_parents`,`ville_parents`,`cpostal_parents`,`pays_parents`,`tel_parents`,`nom_ecole_etudiant`,`visites`,`id_ville`,`id_pays`) VALUES ('3192','','45 rue de la Tour Eiffel','Paris','75013',,'','UTBM','0','','');
INSERT INTO `utl_etu` (`id_utilisateur`,`citation`,`adresse_parents`,`ville_parents`,`cpostal_parents`,`pays_parents`,`tel_parents`,`nom_ecole_etudiant`,`visites`,`id_ville`,`id_pays`) VALUES ('3327','','45 rue de la Tour Eiffel','Paris','75013',,'','UTBM','6','','');
INSERT INTO `utl_etu` (`id_utilisateur`,`citation`,`adresse_parents`,`ville_parents`,`cpostal_parents`,`pays_parents`,`tel_parents`,`nom_ecole_etudiant`,`visites`,`id_ville`,`id_pays`) VALUES ('3345','','45 rue de la Tour Eiffel','Paris','75013',,'','UTBM','37','','');
INSERT INTO `utl_etu` (`id_utilisateur`,`citation`,`adresse_parents`,`ville_parents`,`cpostal_parents`,`pays_parents`,`tel_parents`,`nom_ecole_etudiant`,`visites`,`id_ville`,`id_pays`) VALUES ('3375','','45 rue de la Tour Eiffel','Paris','75013',,'','UTBM','63','','');
INSERT INTO `utl_etu` (`id_utilisateur`,`citation`,`adresse_parents`,`ville_parents`,`cpostal_parents`,`pays_parents`,`tel_parents`,`nom_ecole_etudiant`,`visites`,`id_ville`,`id_pays`) VALUES ('3379','solex for ever !','45 rue de la Tour Eiffel','Paris','75013',,'+33388346656','UTBM','17','26852','');
INSERT INTO `utl_etu` (`id_utilisateur`,`citation`,`adresse_parents`,`ville_parents`,`cpostal_parents`,`pays_parents`,`tel_parents`,`nom_ecole_etudiant`,`visites`,`id_ville`,`id_pays`) VALUES ('3445','','45 rue de la Tour Eiffel','Paris','75013',,'','UTBM','43','','');
INSERT INTO `utl_etu` (`id_utilisateur`,`citation`,`adresse_parents`,`ville_parents`,`cpostal_parents`,`pays_parents`,`tel_parents`,`nom_ecole_etudiant`,`visites`,`id_ville`,`id_pays`) VALUES ('3536','','45 rue de la Tour Eiffel','Paris','75013',,'','UTBM','3','','');



-- utl_etu_utbm 

INSERT INTO `utl_etu_utbm` (`id_utilisateur`,`semestre_utbm`,`branche_utbm`,`filiere_utbm`,`surnom_utbm`,`email_utbm`,`promo_utbm`,`date_diplome_utbm`,`role_utbm`,`departement_utbm`) VALUES ('206','4','GMC','','Eunteur','sebastien.draque@utbm.fr','5','','etu','gmc');
INSERT INTO `utl_etu_utbm` (`id_utilisateur`,`semestre_utbm`,`branche_utbm`,`filiere_utbm`,`surnom_utbm`,`email_utbm`,`promo_utbm`,`date_diplome_utbm`,`role_utbm`,`departement_utbm`) VALUES ('265','7','GMC','CDP','Cin','anne-laure.lasnier@utbm.fr','3','','etu','gmc');
INSERT INTO `utl_etu_utbm` (`id_utilisateur`,`semestre_utbm`,`branche_utbm`,`filiere_utbm`,`surnom_utbm`,`email_utbm`,`promo_utbm`,`date_diplome_utbm`,`role_utbm`,`departement_utbm`) VALUES ('303','7','GSC','TISME','2pic','norbert.leroux@utbm.fr','3','','etu','gesc');
INSERT INTO `utl_etu_utbm` (`id_utilisateur`,`semestre_utbm`,`branche_utbm`,`filiere_utbm`,`surnom_utbm`,`email_utbm`,`promo_utbm`,`date_diplome_utbm`,`role_utbm`,`departement_utbm`) VALUES ('482','1','TC','','Turic','gerard.lasnier@utbm.fr','8','','etu','tc');
INSERT INTO `utl_etu_utbm` (`id_utilisateur`,`semestre_utbm`,`branche_utbm`,`filiere_utbm`,`surnom_utbm`,`email_utbm`,`promo_utbm`,`date_diplome_utbm`,`role_utbm`,`departement_utbm`) VALUES ('507','7','GMC','','binet','michel.levy@utbm.fr','3','','etu','gmc');
INSERT INTO `utl_etu_utbm` (`id_utilisateur`,`semestre_utbm`,`branche_utbm`,`filiere_utbm`,`surnom_utbm`,`email_utbm`,`promo_utbm`,`date_diplome_utbm`,`role_utbm`,`departement_utbm`) VALUES ('541','8','GI','ILC','Hackter','anne-laure.anderson@utbm.fr','2','','etu','gi');
INSERT INTO `utl_etu_utbm` (`id_utilisateur`,`semestre_utbm`,`branche_utbm`,`filiere_utbm`,`surnom_utbm`,`email_utbm`,`promo_utbm`,`date_diplome_utbm`,`role_utbm`,`departement_utbm`) VALUES ('660','5','GI','ILC','','jean-charles.palourdiau@utbm.fr','2','','etu','gi');
INSERT INTO `utl_etu_utbm` (`id_utilisateur`,`semestre_utbm`,`branche_utbm`,`filiere_utbm`,`surnom_utbm`,`email_utbm`,`promo_utbm`,`date_diplome_utbm`,`role_utbm`,`departement_utbm`) VALUES ('914','7','GMC','','Lic','antoine.modui@utbm.fr','2','','etu','gmc');
INSERT INTO `utl_etu_utbm` (`id_utilisateur`,`semestre_utbm`,`branche_utbm`,`filiere_utbm`,`surnom_utbm`,`email_utbm`,`promo_utbm`,`date_diplome_utbm`,`role_utbm`,`departement_utbm`) VALUES ('921','7','GSP','ip','Sye','anne-laure.franciscain@utbm.fr','2','','etu','imap');
INSERT INTO `utl_etu_utbm` (`id_utilisateur`,`semestre_utbm`,`branche_utbm`,`filiere_utbm`,`surnom_utbm`,`email_utbm`,`promo_utbm`,`date_diplome_utbm`,`role_utbm`,`departement_utbm`) VALUES ('923','0','GI','R&T','IFOOL','ruth.palourdiau@utbm.fr','1','','etu','gi');
INSERT INTO `utl_etu_utbm` (`id_utilisateur`,`semestre_utbm`,`branche_utbm`,`filiere_utbm`,`surnom_utbm`,`email_utbm`,`promo_utbm`,`date_diplome_utbm`,`role_utbm`,`departement_utbm`) VALUES ('993','5','GMC','CDP','Balcon','michel.stefan@utbm.fr','2','','etu','gmc');
INSERT INTO `utl_etu_utbm` (`id_utilisateur`,`semestre_utbm`,`branche_utbm`,`filiere_utbm`,`surnom_utbm`,`email_utbm`,`promo_utbm`,`date_diplome_utbm`,`role_utbm`,`departement_utbm`) VALUES ('1015','5','GMC','','Mitch','nathalie.levy@utbm.fr','4','','etu','gmc');
INSERT INTO `utl_etu_utbm` (`id_utilisateur`,`semestre_utbm`,`branche_utbm`,`filiere_utbm`,`surnom_utbm`,`email_utbm`,`promo_utbm`,`date_diplome_utbm`,`role_utbm`,`departement_utbm`) VALUES ('1210','6','GI','ILC','Benj','ruth.lasnier@utbm.fr','1','','etu','gi');
INSERT INTO `utl_etu_utbm` (`id_utilisateur`,`semestre_utbm`,`branche_utbm`,`filiere_utbm`,`surnom_utbm`,`email_utbm`,`promo_utbm`,`date_diplome_utbm`,`role_utbm`,`departement_utbm`) VALUES ('1463','0','Enseig','GI/SeT','','gerard.kroiche@utbm.fr','0','','ens','na');
INSERT INTO `utl_etu_utbm` (`id_utilisateur`,`semestre_utbm`,`branche_utbm`,`filiere_utbm`,`surnom_utbm`,`email_utbm`,`promo_utbm`,`date_diplome_utbm`,`role_utbm`,`departement_utbm`) VALUES ('1615','6','GI','ILC','','pierre.draque@utbm.fr','4','','etu','gi');
INSERT INTO `utl_etu_utbm` (`id_utilisateur`,`semestre_utbm`,`branche_utbm`,`filiere_utbm`,`surnom_utbm`,`email_utbm`,`promo_utbm`,`date_diplome_utbm`,`role_utbm`,`departement_utbm`) VALUES ('1621','6','GMC','MOST','upla','anne-laure.starr@utbm.fr','4','','etu','gmc');
INSERT INTO `utl_etu_utbm` (`id_utilisateur`,`semestre_utbm`,`branche_utbm`,`filiere_utbm`,`surnom_utbm`,`email_utbm`,`promo_utbm`,`date_diplome_utbm`,`role_utbm`,`departement_utbm`) VALUES ('1633','6','GMC','MOST','Roro','nathalie.fusee@utbm.fr','4','','etu','gmc');
INSERT INTO `utl_etu_utbm` (`id_utilisateur`,`semestre_utbm`,`branche_utbm`,`filiere_utbm`,`surnom_utbm`,`email_utbm`,`promo_utbm`,`date_diplome_utbm`,`role_utbm`,`departement_utbm`) VALUES ('1661','6','GSC','SEEI','Pignon','adam.kroiche@utbm.fr','4','','etu','gesc');
INSERT INTO `utl_etu_utbm` (`id_utilisateur`,`semestre_utbm`,`branche_utbm`,`filiere_utbm`,`surnom_utbm`,`email_utbm`,`promo_utbm`,`date_diplome_utbm`,`role_utbm`,`departement_utbm`) VALUES ('1709','6','GSP','MPL','Scriptom','sebastien.modui@utbm.fr','4','','etu','imap');
INSERT INTO `utl_etu_utbm` (`id_utilisateur`,`semestre_utbm`,`branche_utbm`,`filiere_utbm`,`surnom_utbm`,`email_utbm`,`promo_utbm`,`date_diplome_utbm`,`role_utbm`,`departement_utbm`) VALUES ('1726','6','GMC','CDP','dazur','norbert.lasnier@utbm.fr','4','','etu','gmc');
INSERT INTO `utl_etu_utbm` (`id_utilisateur`,`semestre_utbm`,`branche_utbm`,`filiere_utbm`,`surnom_utbm`,`email_utbm`,`promo_utbm`,`date_diplome_utbm`,`role_utbm`,`departement_utbm`) VALUES ('2132','6','GSP','IP','Bouy','gerard.modui@utbm.fr','2','','etu','imap');
INSERT INTO `utl_etu_utbm` (`id_utilisateur`,`semestre_utbm`,`branche_utbm`,`filiere_utbm`,`surnom_utbm`,`email_utbm`,`promo_utbm`,`date_diplome_utbm`,`role_utbm`,`departement_utbm`) VALUES ('2146','5','GI','','','jean-charles.nucleaire@utbm.fr','0','','etu','gi');
INSERT INTO `utl_etu_utbm` (`id_utilisateur`,`semestre_utbm`,`branche_utbm`,`filiere_utbm`,`surnom_utbm`,`email_utbm`,`promo_utbm`,`date_diplome_utbm`,`role_utbm`,`departement_utbm`) VALUES ('2376','3','GSC','GESC','Coletta','anne-laure.draque@utbm.fr','5','','etu','gesc');
INSERT INTO `utl_etu_utbm` (`id_utilisateur`,`semestre_utbm`,`branche_utbm`,`filiere_utbm`,`surnom_utbm`,`email_utbm`,`promo_utbm`,`date_diplome_utbm`,`role_utbm`,`departement_utbm`) VALUES ('2423','4','GSP','','JoSé (Responsable Bar)','paulin.modui@utbm.fr','5','','etu','imap');
INSERT INTO `utl_etu_utbm` (`id_utilisateur`,`semestre_utbm`,`branche_utbm`,`filiere_utbm`,`surnom_utbm`,`email_utbm`,`promo_utbm`,`date_diplome_utbm`,`role_utbm`,`departement_utbm`) VALUES ('2667','4','GMC','CSM','fépa','paulin.palourdiau@utbm.fr','5','','etu','gmc');
INSERT INTO `utl_etu_utbm` (`id_utilisateur`,`semestre_utbm`,`branche_utbm`,`filiere_utbm`,`surnom_utbm`,`email_utbm`,`promo_utbm`,`date_diplome_utbm`,`role_utbm`,`departement_utbm`) VALUES ('2719','3','GSP','','ron','geraldine.leroux@utbm.fr','5','','etu','imap');
INSERT INTO `utl_etu_utbm` (`id_utilisateur`,`semestre_utbm`,`branche_utbm`,`filiere_utbm`,`surnom_utbm`,`email_utbm`,`promo_utbm`,`date_diplome_utbm`,`role_utbm`,`departement_utbm`) VALUES ('2906','2','GSP','','','pierre.kroiche@utbm.fr','5','','etu','imap');
INSERT INTO `utl_etu_utbm` (`id_utilisateur`,`semestre_utbm`,`branche_utbm`,`filiere_utbm`,`surnom_utbm`,`email_utbm`,`promo_utbm`,`date_diplome_utbm`,`role_utbm`,`departement_utbm`) VALUES ('2942','2','GSP','','','jean-charles.lotze@utbm.fr','0','','etu','imap');
INSERT INTO `utl_etu_utbm` (`id_utilisateur`,`semestre_utbm`,`branche_utbm`,`filiere_utbm`,`surnom_utbm`,`email_utbm`,`promo_utbm`,`date_diplome_utbm`,`role_utbm`,`departement_utbm`) VALUES ('3070','2','TC','','Jamily','sebastien.lotze@utbm.fr','8','','etu','tc');
INSERT INTO `utl_etu_utbm` (`id_utilisateur`,`semestre_utbm`,`branche_utbm`,`filiere_utbm`,`surnom_utbm`,`email_utbm`,`promo_utbm`,`date_diplome_utbm`,`role_utbm`,`departement_utbm`) VALUES ('3130','1','GI','','','pierre.levy@utbm.fr','6','','etu','gi');
INSERT INTO `utl_etu_utbm` (`id_utilisateur`,`semestre_utbm`,`branche_utbm`,`filiere_utbm`,`surnom_utbm`,`email_utbm`,`promo_utbm`,`date_diplome_utbm`,`role_utbm`,`departement_utbm`) VALUES ('3192','3','GSP','','','gerard.stefan@utbm.fr','0','','etu','imap');
INSERT INTO `utl_etu_utbm` (`id_utilisateur`,`semestre_utbm`,`branche_utbm`,`filiere_utbm`,`surnom_utbm`,`email_utbm`,`promo_utbm`,`date_diplome_utbm`,`role_utbm`,`departement_utbm`) VALUES ('3327','1','GMC','','','nicolas.palourdiau@utbm.fr','0','','etu','gmc');
INSERT INTO `utl_etu_utbm` (`id_utilisateur`,`semestre_utbm`,`branche_utbm`,`filiere_utbm`,`surnom_utbm`,`email_utbm`,`promo_utbm`,`date_diplome_utbm`,`role_utbm`,`departement_utbm`) VALUES ('3345','1','GSP','','','simon.palourdiau@utbm.fr','6','','etu','imap');
INSERT INTO `utl_etu_utbm` (`id_utilisateur`,`semestre_utbm`,`branche_utbm`,`filiere_utbm`,`surnom_utbm`,`email_utbm`,`promo_utbm`,`date_diplome_utbm`,`role_utbm`,`departement_utbm`) VALUES ('3375','1','TC','','b1zen','eve.legaulois@utbm.fr','8','','etu','tc');
INSERT INTO `utl_etu_utbm` (`id_utilisateur`,`semestre_utbm`,`branche_utbm`,`filiere_utbm`,`surnom_utbm`,`email_utbm`,`promo_utbm`,`date_diplome_utbm`,`role_utbm`,`departement_utbm`) VALUES ('3379','1','TC','','cbo','geraldine.fusee@utbm.fr','8','','etu','tc');
INSERT INTO `utl_etu_utbm` (`id_utilisateur`,`semestre_utbm`,`branche_utbm`,`filiere_utbm`,`surnom_utbm`,`email_utbm`,`promo_utbm`,`date_diplome_utbm`,`role_utbm`,`departement_utbm`) VALUES ('3445','1','GMC','','','anne-laure.stefan@utbm.fr','8','','etu','gmc');
INSERT INTO `utl_etu_utbm` (`id_utilisateur`,`semestre_utbm`,`branche_utbm`,`filiere_utbm`,`surnom_utbm`,`email_utbm`,`promo_utbm`,`date_diplome_utbm`,`role_utbm`,`departement_utbm`) VALUES ('3536','5','GI','','','nicolas.lecuyer@utbm.fr','4','','etu','gi');



-- utl_groupe 

INSERT INTO `utl_groupe` (`id_groupe`,`id_utilisateur`) VALUES ('25','1621');
INSERT INTO `utl_groupe` (`id_groupe`,`id_utilisateur`) VALUES ('25','1633');
INSERT INTO `utl_groupe` (`id_groupe`,`id_utilisateur`) VALUES ('4','1709');
INSERT INTO `utl_groupe` (`id_groupe`,`id_utilisateur`) VALUES ('4','2423');
INSERT INTO `utl_groupe` (`id_groupe`,`id_utilisateur`) VALUES ('5','2423');
INSERT INTO `utl_groupe` (`id_groupe`,`id_utilisateur`) VALUES ('15','2423');
INSERT INTO `utl_groupe` (`id_groupe`,`id_utilisateur`) VALUES ('16','2423');
INSERT INTO `utl_groupe` (`id_groupe`,`id_utilisateur`) VALUES ('28','2423');
INSERT INTO `utl_groupe` (`id_groupe`,`id_utilisateur`) VALUES ('25','2667');
INSERT INTO `utl_groupe` (`id_groupe`,`id_utilisateur`) VALUES ('25','3192');
INSERT INTO `utl_groupe` (`id_groupe`,`id_utilisateur`) VALUES ('25','3375');
INSERT INTO `utl_groupe` (`id_groupe`,`id_utilisateur`) VALUES ('25','3379');
INSERT INTO `utl_groupe` (`id_groupe`,`id_utilisateur`) VALUES ('25','3445');
